"Дата","Цена","Откр.","Макс.","Мин.","Объём","Изм. %"
"26.10.2022","71,009","70,459","71,374","70,287","","0,76%"
"25.10.2022","70,471","69,179","70,735","69,087","","0,79%"
"24.10.2022","69,918","70,022","70,864","68,618","","0,33%"
"21.10.2022","69,689","69,264","69,999","67,452","","0,54%"
"20.10.2022","69,313","68,461","76,401","66,989","","1,29%"
"19.10.2022","68,433","69,618","70,923","68,188","","-1,70%"
"18.10.2022","69,618","70,471","71,360","68,852","","-1,25%"
"17.10.2022","70,498","70,024","72,755","68,406","","0,73%"
"14.10.2022","69,990","72,515","74,345","68,835","","-3,47%"
"13.10.2022","72,503","70,767","74,063","69,138","","2,58%"
"12.10.2022","70,682","71,837","73,931","68,764","","-1,60%"
"11.10.2022","71,834","70,552","73,006","67,824","","1,82%"
"10.10.2022","70,549","71,361","71,531","67,070","","3,14%"
"07.10.2022","68,401","67,558","71,370","66,464","","1,33%"
"06.10.2022","67,506","68,818","70,299","66,661","","-1,91%"
"05.10.2022","68,818","67,731","69,672","66,061","","1,67%"
"04.10.2022","67,691","65,707","69,001","65,452","","3,11%"
"03.10.2022","65,650","67,242","69,668","63,485","","-2,30%"
"30.09.2022","67,195","63,912","69,090","62,410","","5,12%"
"29.09.2022","63,923","63,030","67,422","59,891","","1,38%"
"28.09.2022","63,053","63,215","64,159","60,580","","-0,26%"
"27.09.2022","63,218","62,513","66,718","60,862","","1,12%"
"26.09.2022","62,519","62,841","66,115","59,296","","-0,51%"
"23.09.2022","62,841","67,442","69,341","62,113","","-6,79%"
"22.09.2022","67,418","68,854","69,657","66,226","","-2,08%"
"21.09.2022","68,848","69,880","74,121","67,977","","-1,48%"
"20.09.2022","69,880","68,678","71,199","67,872","","1,79%"
"19.09.2022","68,649","69,073","73,662","67,348","","-0,59%"
"16.09.2022","69,055","68,366","73,794","67,658","","1,07%"
"15.09.2022","68,325","68,905","75,728","67,001","","-0,77%"
"14.09.2022","68,858","68,384","74,965","68,031","","0,69%"
"13.09.2022","68,384","70,834","75,505","67,929","","-3,44%"
"12.09.2022","70,822","71,319","72,987","68,881","","-0,63%"
"09.09.2022","71,273","70,753","71,594","69,072","","0,74%"
"08.09.2022","70,750","70,084","74,440","69,101","","0,92%"
"07.09.2022","70,103","70,589","74,516","68,200","","-0,66%"
"06.09.2022","70,571","70,269","73,059","69,582","","0,45%"
"05.09.2022","70,253","69,428","73,378","67,345","","1,33%"
"02.09.2022","69,330","69,553","71,577","68,573","","-0,34%"
"01.09.2022","69,565","70,319","71,237","67,828","","-1,08%"
"31.08.2022","70,322","69,894","72,140","69,113","","0,55%"
"30.08.2022","69,936","72,307","72,814","69,911","","-3,28%"
"29.08.2022","72,307","70,847","76,919","69,879","","2,06%"
"26.08.2022","70,847","71,445","76,174","69,161","","-0,83%"
"25.08.2022","71,439","70,605","72,672","69,916","","1,24%"
"24.08.2022","70,564","71,342","75,913","69,828","","-1,09%"
"23.08.2022","71,342","70,809","72,163","68,612","","0,84%"
"22.08.2022","70,749","70,353","73,090","67,545","","0,52%"
"19.08.2022","70,383","71,577","72,504","68,879","","-1,69%"
"18.08.2022","71,592","72,894","73,955","70,922","","-1,79%"
"17.08.2022","72,894","74,385","75,371","71,082","","-2,00%"
"16.08.2022","74,384","74,145","75,226","72,309","","0,32%"
"15.08.2022","74,145","74,618","75,678","72,912","","-0,63%"
"12.08.2022","74,612","74,047","76,285","72,845","","0,82%"
"11.08.2022","74,005","75,356","76,853","72,082","","-1,78%"
"10.08.2022","75,346","73,039","76,838","71,416","","3,18%"
"09.08.2022","73,024","74,749","78,183","71,457","","-2,31%"
"08.08.2022","74,749","73,069","76,284","70,467","","2,35%"
"05.08.2022","73,030","75,393","76,275","71,359","","-3,17%"
"04.08.2022","75,417","74,383","76,705","71,618","","1,38%"
"03.08.2022","74,392","73,954","77,612","71,010","","0,60%"
"02.08.2022","73,945","75,926","79,464","71,336","","-2,64%"
"01.08.2022","75,951","75,728","79,478","72,945","","0,27%"
"29.07.2022","75,743","76,069","79,031","73,025","","-0,49%"
"28.07.2022","76,116","72,173","76,947","70,967","","5,55%"
"27.07.2022","72,116","72,331","75,699","70,332","","-0,27%"
"26.07.2022","72,313","70,452","74,675","67,631","","2,63%"
"25.07.2022","70,458","69,774","72,825","66,793","","0,98%"
"22.07.2022","69,774","68,369","72,517","64,010","","2,05%"
"21.07.2022","68,369","67,016","71,733","64,345","","1,99%"
"20.07.2022","67,038","67,784","69,308","63,953","","-1,08%"
"19.07.2022","67,770","68,144","70,243","65,040","","-0,53%"
"18.07.2022","68,130","67,700","73,381","64,711","","0,83%"
"15.07.2022","67,568","68,904","72,421","65,777","","-1,88%"
"14.07.2022","68,863","69,533","72,962","67,441","","-0,90%"
"13.07.2022","69,491","69,450","75,294","67,855","","0,13%"
"12.07.2022","69,403","77,260","78,989","67,950","","-10,21%"
"11.07.2022","77,292","78,069","79,944","70,397","","-0,99%"
"08.07.2022","78,069","75,845","80,972","71,821","","3,00%"
"07.07.2022","75,792","77,562","78,917","73,127","","-2,21%"
"06.07.2022","77,507","74,741","83,021","71,505","","3,70%"
"05.07.2022","74,741","67,805","81,974","64,829","","10,25%"
"04.07.2022","67,791","65,368","74,117","63,781","","3,78%"
"01.07.2022","65,319","66,977","71,396","62,280","","-2,47%"
"30.06.2022","66,974","63,667","68,292","61,544","","5,19%"
"29.06.2022","63,667","65,485","69,014","59,857","","-2,78%"
"28.06.2022","65,487","65,160","69,045","62,950","","0,56%"
"27.06.2022","65,122","65,490","69,489","63,729","","-0,56%"
"24.06.2022","65,490","66,817","70,230","63,600","","-2,00%"
"23.06.2022","66,828","67,170","69,136","63,633","","-0,51%"
"22.06.2022","67,168","66,135","68,371","62,831","","1,55%"
"21.06.2022","66,145","68,027","75,978","63,742","","-2,73%"
"20.06.2022","67,999","71,520","72,071","66,182","","-1,55%"
"17.06.2022","69,072","70,885","73,118","66,654","","-2,55%"
"16.06.2022","70,879","67,597","73,564","66,411","","4,85%"
"15.06.2022","67,600","70,171","73,019","66,184","","-3,69%"
"14.06.2022","70,189","69,795","73,508","67,012","","0,61%"
"13.06.2022","69,760","71,803","75,707","66,691","","-2,76%"
"10.06.2022","71,741","73,366","75,739","68,900","","-0,56%"
"09.06.2022","72,148","75,874","77,433","68,780","","-4,91%"
"08.06.2022","75,874","77,762","79,641","73,240","","-2,41%"
"07.06.2022","77,744","77,229","79,796","74,142","","0,66%"
"06.06.2022","77,235","79,303","80,633","73,891","","-2,40%"
"03.06.2022","79,137","79,723","82,199","75,239","","-0,72%"
"02.06.2022","79,714","79,306","84,703","75,639","","0,50%"
"01.06.2022","79,318","79,091","82,580","76,029","","0,30%"
"31.05.2022","79,078","80,986","82,290","75,631","","-2,34%"
"30.05.2022","80,973","83,904","87,381","76,245","","-3,50%"
"27.05.2022","83,910","81,484","87,718","79,070","","3,00%"
"26.05.2022","81,465","75,836","82,636","71,395","","7,42%"
"25.05.2022","75,836","72,684","76,628","67,251","","4,34%"
"24.05.2022","72,683","73,700","75,532","68,178","","-1,45%"
"23.05.2022","73,749","78,678","78,947","70,559","","-4,75%"
"20.05.2022","77,426","77,420","80,917","71,550","","0,06%"
"19.05.2022","77,377","79,902","81,659","74,807","","-3,17%"
"18.05.2022","79,909","81,677","83,395","76,359","","-2,15%"
"17.05.2022","81,667","79,599","83,537","77,019","","2,58%"
"16.05.2022","79,612","81,370","82,128","76,141","","-2,38%"
"13.05.2022","81,549","78,999","82,601","75,623","","3,22%"
"12.05.2022","79,002","81,843","83,548","76,623","","-3,40%"
"11.05.2022","81,779","86,426","87,576","80,249","","-5,37%"
"10.05.2022","86,423","86,325","88,193","82,572","","0,11%"
"09.05.2022","86,332","85,136","89,674","82,193","","1,40%"
"06.05.2022","85,140","80,370","86,623","78,177","","5,92%"
"05.05.2022","80,380","83,470","86,371","77,492","","-3,70%"
"04.05.2022","83,470","85,320","86,687","79,781","","-2,16%"
"03.05.2022","85,310","88,298","90,726","81,859","","-3,38%"
"02.05.2022","88,295","92,327","93,189","86,998","","-4,26%"
"29.04.2022","92,224","90,629","93,391","86,297","","1,76%"
"28.04.2022","90,629","92,594","95,364","87,278","","-2,08%"
"27.04.2022","92,557","95,099","97,406","90,012","","-2,68%"
"26.04.2022","95,106","95,597","97,636","91,460","","-0,51%"
"25.04.2022","95,593","99,517","103,700","91,917","","-3,77%"
"22.04.2022","99,342","105,385","106,316","96,381","","-5,72%"
"21.04.2022","105,364","107,490","110,187","97,989","","-1,97%"
"20.04.2022","107,485","104,963","112,032","101,649","","2,40%"
"19.04.2022","104,968","105,601","107,287","101,455","","-0,56%"
"18.04.2022","105,561","108,725","110,324","102,495","","0,10%"
"15.04.2022","105,460","107,962","109,162","104,270","","-2,32%"
"14.04.2022","107,962","108,207","111,244","105,479","","-0,23%"
"13.04.2022","108,216","110,971","112,001","103,435","","-2,50%"
"12.04.2022","110,993","108,809","113,278","103,223","","2,03%"
"11.04.2022","108,784","102,957","112,928","101,884","","4,01%"
"08.04.2022","104,586","103,636","106,673","97,761","","0,94%"
"07.04.2022","103,616","107,820","110,224","100,567","","-3,91%"
"06.04.2022","107,828","110,225","112,202","105,633","","-2,09%"
"05.04.2022","110,128","110,160","113,283","107,562","","-0,03%"
"04.04.2022","110,160","118,026","120,050","104,194","","-2,04%"
"01.04.2022","112,453","107,400","117,824","106,394","","4,72%"
"31.03.2022","107,387","109,658","114,683","102,983","","-2,07%"
"30.03.2022","109,662","114,504","121,657","104,150","","-4,27%"
"29.03.2022","114,557","124,313","130,815","107,326","","-7,85%"
"28.03.2022","124,313","139,486","140,110","119,733","","-9,32%"
"25.03.2022","137,089","134,920","141,092","124,760","","1,67%"
"24.03.2022","134,840","127,767","139,479","121,872","","5,54%"
"23.03.2022","127,760","140,651","145,338","122,060","","-9,17%"
"22.03.2022","140,651","140,460","148,024","132,807","","0,14%"
"21.03.2022","140,450","140,390","152,383","129,945","","0,07%"
"18.03.2022","140,347","135,107","148,966","128,622","","3,89%"
"17.03.2022","135,097","128,872","143,927","124,067","","4,83%"
"16.03.2022","128,868","138,900","152,961","125,866","","-7,21%"
"15.03.2022","138,878","158,626","160,339","131,604","","-12,45%"
"14.03.2022","158,626","174,711","175,462","143,371","","-9,21%"
"11.03.2022","174,711","174,713","179,481","147,676","","0,01%"
"10.03.2022","174,693","181,171","184,950","152,202","","-3,61%"
"09.03.2022","181,240","167,073","183,589","151,958","","8,47%"
"08.03.2022","167,090","187,389","187,517","158,850","","-10,84%"
"07.03.2022","187,396","162,081","207,865","156,051","","15,62%"
"04.03.2022","162,081","146,667","169,413","133,143","","10,48%"
"03.03.2022","146,712","137,887","158,801","129,417","","6,40%"
"02.03.2022","137,888","144,613","154,084","127,338","","-4,67%"
"01.03.2022","144,646","142,318","157,880","120,071","","1,64%"
"28.02.2022","142,318","112,486","154,332","111,685","","26,55%"
"25.02.2022","112,463","112,802","116,349","108,787","","0,04%"
"24.02.2022","112,413","109,913","121,734","108,959","","2,30%"
"23.02.2022","109,891","107,079","110,881","106,724","","2,94%"
"22.02.2022","106,753","109,166","109,938","106,611","","-1,89%"
"21.02.2022","108,807","105,159","109,292","103,758","","3,76%"
"18.02.2022","104,866","103,819","105,431","103,030","","1,27%"
"17.02.2022","103,547","102,084","104,353","101,795","","1,67%"
"16.02.2022","101,843","102,158","102,542","101,468","","0,09%"
"15.02.2022","101,748","103,472","103,986","101,746","","-1,30%"
"14.02.2022","103,086","104,816","105,829","102,836","","-1,37%"
"11.02.2022","104,514","101,684","105,407","101,215","","2,94%"
"10.02.2022","101,534","101,267","101,941","100,704","","0,52%"
"09.02.2022","101,009","101,617","102,084","100,783","","-0,50%"
"08.02.2022","101,516","102,081","102,556","101,541","","-0,36%"
"07.02.2022","101,879","102,483","103,045","101,798","","-0,37%"
"04.02.2022","102,257","103,706","104,246","102,384","","-0,97%"
"03.02.2022","103,254","103,477","104,498","103,101","","0,03%"
"02.02.2022","103,224","103,919","104,060","102,779","","-0,49%"
"01.02.2022","103,732","103,976","104,488","103,185","","-0,12%"
"31.01.2022","103,860","104,776","104,889","103,649","","-0,76%"
"28.01.2022","104,654","104,322","105,144","103,594","","0,41%"
"27.01.2022","104,228","106,708","107,159","103,452","","-2,05%"
"26.01.2022","106,405","106,232","108,654","106,006","","0,40%"
"25.01.2022","105,979","106,301","106,998","105,436","","0,03%"
"24.01.2022","105,942","105,181","107,142","104,224","","1,00%"
"21.01.2022","104,888","104,385","105,518","103,522","","0,59%"
"20.01.2022","104,270","103,612","104,670","103,390","","0,76%"
"19.01.2022","103,480","104,730","105,058","103,423","","-1,00%"
"18.01.2022","104,521","104,205","104,853","103,243","","0,73%"
"17.01.2022","103,761","104,251","105,049","103,176","","-0,38%"
"14.01.2022","104,152","104,834","105,519","103,836","","-0,42%"
"13.01.2022","104,596","102,220","105,233","101,923","","2,59%"
"12.01.2022","101,951","101,455","102,592","101,268","","0,72%"
"11.01.2022","101,225","101,825","102,328","101,251","","-0,26%"
"10.01.2022","101,487","102,897","103,221","101,565","","-0,95%"
"07.01.2022","102,461","103,262","103,701","101,861","","-0,63%"
"06.01.2022","103,106","104,089","104,691","102,863","","-0,82%"
"05.01.2022","103,959","101,992","104,234","101,751","","2,13%"
"04.01.2022","101,791","100,261","102,213","100,057","","1,89%"
"03.01.2022","99,908","101,201","101,732","100,069","","-0,96%"
"31.12.2021","100,873","100,706","101,788","100,437","","0,37%"
"30.12.2021","100,506","99,782","101,466","99,571","","1,19%"
"29.12.2021","99,320","98,890","100,160","98,674","","0,52%"
"28.12.2021","98,811","98,711","99,344","98,394","","0,24%"
"27.12.2021","98,578","98,612","98,998","97,962","","0,05%"
"24.12.2021","98,530","98,431","98,931","97,966","","0,31%"
"23.12.2021","98,230","98,392","98,902","97,915","","0,14%"
"22.12.2021","98,089","98,201","98,710","97,609","","0,07%"
"21.12.2021","98,019","98,090","98,348","97,463","","0,21%"
"20.12.2021","97,818","98,254","98,607","97,700","","-0,18%"
"17.12.2021","97,998","98,474","98,752","97,774","","-0,11%"
"16.12.2021","98,108","97,579","98,571","97,298","","0,64%"
"15.12.2021","97,482","97,732","98,263","97,324","","-0,12%"
"14.12.2021","97,603","97,199","97,802","96,816","","0,63%"
"13.12.2021","96,991","97,232","97,667","96,938","","-0,16%"
"10.12.2021","97,142","97,402","97,719","96,730","","0,19%"
"09.12.2021","96,955","97,095","97,689","96,880","","0,06%"
"08.12.2021","96,898","98,173","98,342","96,897","","-0,92%"
"07.12.2021","97,796","98,473","98,989","97,749","","-0,39%"
"06.12.2021","98,183","97,974","98,834","97,267","","0,70%"
"03.12.2021","97,499","98,015","98,271","97,413","","-0,35%"
"02.12.2021","97,843","98,316","98,885","97,803","","-0,06%"
"01.12.2021","97,901","98,399","99,003","97,909","","-0,28%"
"30.11.2021","98,177","99,199","100,479","98,081","","-0,68%"
"29.11.2021","98,851","100,806","100,947","98,800","","-1,53%"
"26.11.2021","100,387","99,469","101,220","99,139","","1,13%"
"25.11.2021","99,269","99,934","100,172","99,187","","-0,36%"
"24.11.2021","99,629","99,490","100,146","99,045","","0,31%"
"23.11.2021","99,321","100,433","100,737","99,105","","-0,91%"
"22.11.2021","100,234","98,923","100,788","98,260","","1,77%"
"19.11.2021","98,489","98,615","99,161","97,878","","-0,02%"
"18.11.2021","98,510","97,901","98,960","97,637","","1,04%"
"17.11.2021","97,494","98,140","98,471","97,342","","-0,45%"
"16.11.2021","97,938","97,330","98,804","96,975","","0,84%"
"15.11.2021","97,119","97,853","97,996","96,521","","-0,47%"
"12.11.2021","97,577","95,729","98,308","95,428","","2,20%"
"11.11.2021","95,472","95,505","95,958","95,026","","0,13%"
"10.11.2021","95,348","95,965","96,259","95,374","","-0,27%"
"09.11.2021","95,609","96,684","96,932","95,678","","-1,02%"
"08.11.2021","96,590","96,033","96,886","95,692","","0,80%"
"05.11.2021","95,827","96,345","97,115","95,663","","-0,43%"
"04.11.2021","96,244","98,270","98,426","96,070","","-1,86%"
"03.11.2021","98,071","97,382","98,767","97,005","","0,94%"
"02.11.2021","97,153","97,831","98,292","97,252","","-0,44%"
"01.11.2021","97,578","97,064","97,975","96,614","","0,58%"
"29.10.2021","97,018","96,880","97,606","96,656","","0,44%"
"28.10.2021","96,595","97,111","97,500","96,467","","-0,45%"
"27.10.2021","97,032","95,722","97,151","95,340","","1,63%"
"26.10.2021","95,472","96,218","96,406","95,458","","-0,56%"
"25.10.2021","96,007","96,729","97,235","95,937","","-0,68%"
"22.10.2021","96,663","98,187","98,374","96,360","","-1,31%"
"21.10.2021","97,944","98,040","98,614","97,540","","0,31%"
"20.10.2021","97,639","97,836","98,243","97,481","","0,02%"
"19.10.2021","97,620","97,910","98,194","97,474","","0,01%"
"18.10.2021","97,612","97,645","98,138","97,330","","0,23%"
"15.10.2021","97,390","97,706","98,211","97,429","","-0,08%"
"14.10.2021","97,468","98,436","98,636","97,483","","-0,78%"
"13.10.2021","98,234","97,657","98,555","97,415","","0,85%"
"12.10.2021","97,402","97,640","98,041","97,427","","0,07%"
"11.10.2021","97,332","97,851","98,249","97,405","","-0,37%"
"08.10.2021","97,694","97,796","98,268","97,481","","0,07%"
"07.10.2021","97,631","98,378","98,634","97,561","","-0,65%"
"06.10.2021","98,272","98,591","98,748","98,179","","-0,18%"
"05.10.2021","98,449","98,598","99,125","98,442","","0,05%"
"04.10.2021","98,400","98,463","99,246","98,325","","0,10%"
"01.10.2021","98,306","97,999","99,089","97,707","","0,54%"
"30.09.2021","97,776","97,838","98,390","97,503","","0,02%"
"29.09.2021","97,760","98,512","98,902","97,682","","-0,66%"
"28.09.2021","98,406","99,579","99,794","98,216","","-0,96%"
"27.09.2021","99,360","99,457","99,889","99,143","","0,10%"
"24.09.2021","99,263","99,904","100,237","99,296","","-0,48%"
"23.09.2021","99,742","99,515","100,152","99,079","","0,47%"
"22.09.2021","99,272","100,030","100,217","99,083","","-0,53%"
"21.09.2021","99,799","100,359","100,634","99,629","","-0,32%"
"20.09.2021","100,119","100,224","100,667","99,719","","0,08%"
"17.09.2021","100,042","99,978","100,356","99,711","","0,51%"
"16.09.2021","99,537","100,023","100,363","99,610","","-0,31%"
"15.09.2021","99,851","100,893","101,382","99,914","","-0,82%"
"14.09.2021","100,679","100,551","101,291","100,284","","0,35%"
"13.09.2021","100,332","101,313","101,445","100,414","","-0,80%"
"10.09.2021","101,140","101,014","101,393","100,570","","0,21%"
"09.09.2021","100,926","100,967","101,257","100,543","","0,26%"
"08.09.2021","100,668","101,119","101,526","100,694","","-0,33%"
"07.09.2021","101,002","101,068","101,351","100,845","","0,08%"
"06.09.2021","100,918","100,977","101,209","100,658","","0,06%"
"03.09.2021","100,861","100,827","101,335","100,514","","0,14%"
"02.09.2021","100,719","100,644","100,968","100,245","","0,27%"
"01.09.2021","100,451","100,956","101,207","100,374","","-0,11%"
"31.08.2021","100,566","101,161","101,373","100,590","","-0,42%"
"30.08.2021","100,987","101,171","101,652","100,788","","-0,05%"
"27.08.2021","101,041","101,752","101,917","100,965","","-0,48%"
"26.08.2021","101,532","101,718","102,252","101,368","","0,05%"
"25.08.2021","101,479","101,190","101,924","100,912","","0,49%"
"24.08.2021","100,986","101,582","101,963","101,069","","-0,37%"
"23.08.2021","101,366","101,264","101,891","100,861","","0,21%"
"20.08.2021","101,156","101,314","101,766","100,916","","0,30%"
"19.08.2021","100,850","101,521","101,913","101,006","","-0,19%"
"18.08.2021","101,041","101,118","101,791","100,780","","0,11%"
"17.08.2021","100,934","101,550","101,768","100,884","","-0,36%"
"16.08.2021","101,299","101,460","102,100","101,274","","-0,11%"
"13.08.2021","101,411","101,619","101,867","101,192","","-0,10%"
"12.08.2021","101,511","101,965","102,220","101,465","","-0,29%"
"11.08.2021","101,804","102,412","102,676","101,688","","-0,44%"
"10.08.2021","102,254","102,015","102,638","101,753","","0,35%"
"09.08.2021","101,896","102,051","102,284","101,607","","-0,05%"
"06.08.2021","101,945","101,869","102,271","101,606","","0,19%"
"05.08.2021","101,749","101,684","102,188","101,351","","0,26%"
"04.08.2021","101,481","101,585","102,160","101,218","","0,01%"
"03.08.2021","101,473","101,334","101,821","101,152","","0,38%"
"02.08.2021","101,088","101,686","102,010","100,966","","-0,48%"
"30.07.2021","101,578","102,420","102,648","101,508","","-0,44%"
"29.07.2021","102,031","102,202","102,628","101,918","","0,05%"
"28.07.2021","101,977","102,411","102,598","101,898","","-0,27%"
"27.07.2021","102,253","101,875","102,607","101,504","","0,58%"
"26.07.2021","101,662","101,515","102,338","101,247","","0,36%"
"23.07.2021","101,294","101,397","101,635","100,912","","0,06%"
"22.07.2021","101,235","101,426","101,838","101,079","","-0,04%"
"21.07.2021","101,276","101,298","101,743","101,075","","0,11%"
"20.07.2021","101,163","102,269","102,408","101,144","","-0,79%"
"19.07.2021","101,974","102,134","102,602","101,836","","0,11%"
"16.07.2021","101,857","102,896","103,053","101,860","","-0,75%"
"15.07.2021","102,629","102,726","103,177","102,354","","0,02%"
"14.07.2021","102,606","102,697","103,211","102,420","","-0,03%"
"13.07.2021","102,634","103,383","103,482","102,391","","-0,54%"
"12.07.2021","103,189","103,457","103,843","102,992","","-0,10%"
"09.07.2021","103,297","103,078","103,509","102,385","","0,47%"
"08.07.2021","102,809","103,152","103,820","102,701","","0,01%"
"07.07.2021","102,803","102,941","103,372","102,051","","0,22%"
"06.07.2021","102,582","101,750","103,271","101,331","","1,06%"
"05.07.2021","101,510","101,172","102,012","101,092","","0,49%"
"02.07.2021","101,018","101,110","101,539","100,799","","0,11%"
"01.07.2021","100,903","101,164","101,378","100,412","","0,00%"
"30.06.2021","100,902","100,748","101,512","100,424","","0,31%"
"29.06.2021","100,589","100,352","100,965","99,946","","0,49%"
"28.06.2021","100,102","100,243","100,775","100,005","","0,07%"
"25.06.2021","100,035","100,642","101,091","100,103","","-0,41%"
"24.06.2021","100,451","101,418","101,655","100,383","","-0,66%"
"23.06.2021","101,115","101,672","101,978","101,159","","-0,37%"
"22.06.2021","101,492","101,855","102,117","101,403","","-0,19%"
"21.06.2021","101,685","100,543","102,053","100,330","","1,30%"
"18.06.2021","100,375","100,640","101,129","99,999","","-0,19%"
"17.06.2021","100,566","101,636","101,840","100,511","","-0,97%"
"16.06.2021","101,549","101,736","101,925","101,059","","-0,09%"
"15.06.2021","101,644","101,777","102,013","100,979","","0,09%"
"14.06.2021","101,548","101,585","102,061","101,398","","0,26%"
"11.06.2021","101,285","101,797","102,292","101,289","","-0,37%"
"10.06.2021","101,663","102,179","102,493","101,535","","-0,35%"
"09.06.2021","102,015","102,334","102,490","101,794","","-0,19%"
"08.06.2021","102,214","103,334","103,599","102,224","","-0,87%"
"07.06.2021","103,114","103,255","103,766","102,828","","0,15%"
"04.06.2021","102,956","103,288","103,752","102,876","","0,08%"
"03.06.2021","102,874","103,641","104,009","103,040","","-0,60%"
"02.06.2021","103,500","104,250","104,577","103,540","","-0,37%"
"01.06.2021","103,888","104,331","104,616","103,924","","-0,19%"
"31.05.2021","104,081","103,799","104,474","103,605","","0,49%"
"28.05.2021","103,577","104,366","104,715","103,597","","-0,55%"
"27.05.2021","104,147","103,810","104,551","103,520","","0,45%"
"26.05.2021","103,681","104,032","104,579","103,615","","-0,25%"
"25.05.2021","103,938","104,173","104,413","103,527","","0,05%"
"24.05.2021","103,883","104,238","104,612","103,764","","-0,10%"
"21.05.2021","103,985","104,495","104,740","103,930","","-0,22%"
"20.05.2021","104,218","104,137","104,643","103,838","","0,20%"
"19.05.2021","104,009","104,503","104,841","104,046","","-0,32%"
"18.05.2021","104,341","104,420","105,022","104,283","","0,07%"
"17.05.2021","104,264","104,239","104,663","103,911","","0,16%"
"14.05.2021","104,102","104,106","104,463","103,759","","0,15%"
"13.05.2021","103,942","105,017","105,244","103,707","","-0,69%"
"12.05.2021","104,659","104,914","105,267","104,529","","0,08%"
"11.05.2021","104,573","104,930","105,361","104,399","","-0,23%"
"10.05.2021","104,816","103,055","105,124","102,965","","1,98%"
"07.05.2021","102,778","103,133","103,495","102,748","","-0,21%"
"06.05.2021","102,998","103,996","104,311","103,015","","-0,83%"
"05.05.2021","103,858","103,774","104,336","103,442","","0,33%"
"04.05.2021","103,520","104,311","104,648","103,473","","-0,57%"
"03.05.2021","104,112","103,993","105,128","103,669","","0,28%"
"30.04.2021","103,826","104,138","104,756","103,719","","0,01%"
"29.04.2021","103,815","103,777","104,324","103,462","","0,26%"
"28.04.2021","103,549","104,373","104,507","103,437","","-0,61%"
"27.04.2021","104,183","104,259","104,629","103,817","","0,02%"
"26.04.2021","104,165","103,879","104,873","103,675","","0,50%"
"23.04.2021","103,650","104,396","104,795","103,581","","-0,40%"
"22.04.2021","104,067","106,844","107,065","104,163","","-2,26%"
"21.04.2021","106,479","107,252","107,837","106,350","","-0,47%"
"20.04.2021","106,978","106,846","107,608","106,219","","0,31%"
"19.04.2021","106,650","104,881","106,998","104,817","","1,73%"
"16.04.2021","104,835","105,389","105,610","103,482","","-0,32%"
"15.04.2021","105,168","104,415","106,884","104,316","","0,91%"
"14.04.2021","104,215","104,498","104,825","103,973","","-0,12%"
"13.04.2021","104,340","106,246","106,706","104,224","","-1,70%"
"12.04.2021","106,144","106,149","106,811","105,891","","0,11%"
"09.04.2021","106,024","105,689","106,514","105,249","","0,66%"
"08.04.2021","105,327","105,705","106,486","105,222","","-0,27%"
"07.04.2021","105,615","106,720","107,711","105,643","","-0,88%"
"06.04.2021","106,548","106,173","107,217","105,579","","0,43%"
"05.04.2021","106,094","105,818","106,390","105,423","","0,30%"
"02.04.2021","105,780","105,484","105,996","105,071","","0,37%"
"01.04.2021","105,392","104,260","105,763","103,903","","1,19%"
"31.03.2021","104,157","104,206","104,748","103,546","","0,12%"
"30.03.2021","104,035","104,047","104,697","103,779","","0,17%"
"29.03.2021","103,858","104,488","105,392","103,953","","-0,41%"
"26.03.2021","104,281","104,701","105,045","104,025","","-0,11%"
"25.03.2021","104,393","104,837","105,143","103,884","","-0,32%"
"24.03.2021","104,725","105,073","105,675","103,863","","-0,25%"
"23.03.2021","104,988","103,656","105,250","103,507","","1,47%"
"22.03.2021","103,462","102,977","104,051","102,537","","0,71%"
"19.03.2021","102,737","103,445","103,696","102,447","","-0,47%"
"18.03.2021","103,220","102,986","103,814","102,498","","0,33%"
"17.03.2021","102,879","101,074","103,133","100,996","","2,08%"
"16.03.2021","100,785","101,221","101,425","100,593","","-0,22%"
"15.03.2021","101,006","101,978","102,487","101,101","","-0,56%"
"12.03.2021","101,571","102,614","102,910","101,665","","-0,93%"
"11.03.2021","102,520","102,616","103,135","102,190","","0,26%"
"10.03.2021","102,253","102,748","103,091","102,243","","-0,34%"
"09.03.2021","102,597","102,938","103,466","102,377","","-0,18%"
"08.03.2021","102,778","102,871","103,580","102,076","","0,20%"
"05.03.2021","102,576","103,722","103,885","102,499","","-0,95%"
"04.03.2021","103,556","103,290","104,245","102,545","","0,37%"
"03.03.2021","103,173","102,978","103,503","102,577","","0,32%"
"02.03.2021","102,841","103,561","103,901","102,361","","-0,46%"
"01.03.2021","103,315","103,660","104,446","102,924","","0,00%"
"26.02.2021","103,314","104,733","105,029","103,307","","-1,23%"
"25.02.2021","104,596","103,930","105,044","103,759","","0,78%"
"24.02.2021","103,786","104,462","105,553","103,668","","-0,52%"
"23.02.2021","104,332","104,596","104,754","103,943","","-0,10%"
"22.02.2021","104,436","103,816","105,231","103,555","","0,77%"
"19.02.2021","103,633","103,217","104,116","103,085","","0,48%"
"18.02.2021","103,134","102,210","103,432","101,890","","1,07%"
"17.02.2021","102,038","102,357","102,893","101,982","","-0,22%"
"16.02.2021","102,265","101,950","102,857","101,830","","0,42%"
"15.02.2021","101,837","101,983","102,678","101,692","","0,08%"
"12.02.2021","101,759","101,806","102,686","101,595","","0,14%"
"11.02.2021","101,620","102,248","102,481","101,632","","-0,51%"
"10.02.2021","102,141","102,095","102,567","101,866","","0,19%"
"09.02.2021","101,949","102,187","102,464","101,743","","-0,06%"
"08.02.2021","102,006","102,486","102,798","101,739","","-0,37%"
"05.02.2021","102,382","103,256","103,757","102,181","","-0,67%"
"04.02.2021","103,072","103,630","103,845","102,293","","-0,39%"
"03.02.2021","103,471","104,118","104,443","103,264","","-0,55%"
"02.02.2021","104,041","103,982","104,455","102,878","","0,20%"
"01.02.2021","103,833","103,971","104,546","103,490","","0,06%"
"29.01.2021","103,770","104,378","104,829","103,237","","-0,32%"
"28.01.2021","104,103","103,803","104,678","103,482","","0,47%"
"27.01.2021","103,612","103,149","104,010","102,659","","0,56%"
"26.01.2021","103,034","103,081","103,636","102,698","","0,02%"
"25.01.2021","103,017","103,010","103,764","102,269","","0,18%"
"22.01.2021","102,835","101,749","103,287","101,214","","1,55%"
"21.01.2021","101,263","100,364","101,922","100,074","","1,08%"
"20.01.2021","100,184","100,606","101,074","100,035","","-0,18%"
"19.01.2021","100,363","100,448","101,023","100,067","","0,10%"
"18.01.2021","100,260","99,916","101,013","99,851","","0,66%"
"15.01.2021","99,599","100,352","100,883","99,727","","-0,48%"
"14.01.2021","100,079","100,709","101,134","99,913","","-0,47%"
"13.01.2021","100,556","100,453","101,203","100,256","","0,18%"
"12.01.2021","100,372","101,041","101,267","100,164","","-0,41%"
"11.01.2021","100,785","100,509","101,188","99,979","","0,67%"
"08.01.2021","100,115","101,359","101,751","100,231","","-0,84%"
"07.01.2021","100,960","100,594","101,681","99,893","","0,66%"
"06.01.2021","100,294","101,271","101,351","100,058","","-0,65%"
"05.01.2021","100,953","101,140","102,155","100,484","","0,16%"
"04.01.2021","100,792","101,046","102,031","99,895","","-0,09%"
"01.01.2021","100,878","101,209","101,260","101,105","","-0,01%"